Variable: ,Soy Yields
Variable id: ,soy_yield
Country: ,BRA
warming level,3.5
reference,1.5
difference,relative
GCM - GIM combinations: ,gfdl-esm4_crover,gfdl-esm4_cygma1p74,gfdl-esm4_dssat-pythia,gfdl-esm4_epic-iiasa,gfdl-esm4_isam,gfdl-esm4_ldndc,gfdl-esm4_lpjml,gfdl-esm4_pdssat,gfdl-esm4_pepic,gfdl-esm4_promet,gfdl-esm4_simplace-lintul5,ipsl-cm6a-lr_crover,ipsl-cm6a-lr_cygma1p74,ipsl-cm6a-lr_dssat-pythia,ipsl-cm6a-lr_epic-iiasa,ipsl-cm6a-lr_isam,ipsl-cm6a-lr_ldndc,ipsl-cm6a-lr_lpjml,ipsl-cm6a-lr_pdssat,ipsl-cm6a-lr_pepic,ipsl-cm6a-lr_promet,ipsl-cm6a-lr_simplace-lintul5,mpi-esm1-2-hr_crover,mpi-esm1-2-hr_cygma1p74,mpi-esm1-2-hr_dssat-pythia,mpi-esm1-2-hr_epic-iiasa,mpi-esm1-2-hr_isam,mpi-esm1-2-hr_ldndc,mpi-esm1-2-hr_lpjml,mpi-esm1-2-hr_pdssat,mpi-esm1-2-hr_pepic,mpi-esm1-2-hr_promet,mpi-esm1-2-hr_simplace-lintul5,mri-esm2-0_acea,mri-esm2-0_crover,mri-esm2-0_cygma1p74,mri-esm2-0_dssat-pythia,mri-esm2-0_epic-iiasa,mri-esm2-0_isam,mri-esm2-0_ldndc,mri-esm2-0_lpjml,mri-esm2-0_pdssat,mri-esm2-0_pepic,mri-esm2-0_promet,mri-esm2-0_simplace-lintul5,ukesm1-0-ll_acea,ukesm1-0-ll_crover,ukesm1-0-ll_cygma1p74,ukesm1-0-ll_dssat-pythia,ukesm1-0-ll_epic-iiasa,ukesm1-0-ll_isam,ukesm1-0-ll_ldndc,ukesm1-0-ll_lpjml,ukesm1-0-ll_pdssat,ukesm1-0-ll_pepic,ukesm1-0-ll_promet,ukesm1-0-ll_simplace-lintul5
All used runs: ,gfdl-esm4_crover_historical,gfdl-esm4_crover_ssp126,gfdl-esm4_crover_ssp370,gfdl-esm4_crover_ssp585,gfdl-esm4_cygma1p74_historical,gfdl-esm4_cygma1p74_ssp126,gfdl-esm4_cygma1p74_ssp370,gfdl-esm4_cygma1p74_ssp585,gfdl-esm4_dssat-pythia_historical,gfdl-esm4_dssat-pythia_ssp126,gfdl-esm4_dssat-pythia_ssp370,gfdl-esm4_dssat-pythia_ssp585,gfdl-esm4_epic-iiasa_historical,gfdl-esm4_epic-iiasa_ssp126,gfdl-esm4_epic-iiasa_ssp370,gfdl-esm4_epic-iiasa_ssp585,gfdl-esm4_isam_historical,gfdl-esm4_isam_ssp126,gfdl-esm4_isam_ssp370,gfdl-esm4_isam_ssp585,gfdl-esm4_ldndc_historical,gfdl-esm4_ldndc_ssp126,gfdl-esm4_ldndc_ssp370,gfdl-esm4_ldndc_ssp585,gfdl-esm4_lpjml_historical,gfdl-esm4_lpjml_ssp126,gfdl-esm4_lpjml_ssp370,gfdl-esm4_lpjml_ssp585,gfdl-esm4_pdssat_historical,gfdl-esm4_pdssat_ssp126,gfdl-esm4_pdssat_ssp585,gfdl-esm4_pepic_historical,gfdl-esm4_pepic_ssp126,gfdl-esm4_pepic_ssp370,gfdl-esm4_pepic_ssp585,gfdl-esm4_promet_historical,gfdl-esm4_promet_ssp126,gfdl-esm4_promet_ssp370,gfdl-esm4_promet_ssp585,gfdl-esm4_simplace-lintul5_historical,gfdl-esm4_simplace-lintul5_ssp126,gfdl-esm4_simplace-lintul5_ssp585,ipsl-cm6a-lr_crover_historical,ipsl-cm6a-lr_crover_ssp126,ipsl-cm6a-lr_crover_ssp370,ipsl-cm6a-lr_crover_ssp585,ipsl-cm6a-lr_cygma1p74_historical,ipsl-cm6a-lr_cygma1p74_ssp126,ipsl-cm6a-lr_cygma1p74_ssp370,ipsl-cm6a-lr_cygma1p74_ssp585,ipsl-cm6a-lr_dssat-pythia_historical,ipsl-cm6a-lr_dssat-pythia_ssp126,ipsl-cm6a-lr_dssat-pythia_ssp370,ipsl-cm6a-lr_dssat-pythia_ssp585,ipsl-cm6a-lr_epic-iiasa_historical,ipsl-cm6a-lr_epic-iiasa_ssp126,ipsl-cm6a-lr_epic-iiasa_ssp370,ipsl-cm6a-lr_epic-iiasa_ssp585,ipsl-cm6a-lr_isam_historical,ipsl-cm6a-lr_isam_ssp126,ipsl-cm6a-lr_isam_ssp370,ipsl-cm6a-lr_isam_ssp585,ipsl-cm6a-lr_ldndc_historical,ipsl-cm6a-lr_ldndc_ssp126,ipsl-cm6a-lr_ldndc_ssp370,ipsl-cm6a-lr_ldndc_ssp585,ipsl-cm6a-lr_lpjml_historical,ipsl-cm6a-lr_lpjml_ssp126,ipsl-cm6a-lr_lpjml_ssp370,ipsl-cm6a-lr_lpjml_ssp585,ipsl-cm6a-lr_pdssat_historical,ipsl-cm6a-lr_pdssat_ssp126,ipsl-cm6a-lr_pdssat_ssp585,ipsl-cm6a-lr_pepic_historical,ipsl-cm6a-lr_pepic_ssp126,ipsl-cm6a-lr_pepic_ssp370,ipsl-cm6a-lr_pepic_ssp585,ipsl-cm6a-lr_promet_historical,ipsl-cm6a-lr_promet_ssp126,ipsl-cm6a-lr_promet_ssp370,ipsl-cm6a-lr_promet_ssp585,ipsl-cm6a-lr_simplace-lintul5_historical,ipsl-cm6a-lr_simplace-lintul5_ssp126,ipsl-cm6a-lr_simplace-lintul5_ssp585,mpi-esm1-2-hr_crover_historical,mpi-esm1-2-hr_crover_ssp126,mpi-esm1-2-hr_crover_ssp370,mpi-esm1-2-hr_crover_ssp585,mpi-esm1-2-hr_cygma1p74_historical,mpi-esm1-2-hr_cygma1p74_ssp126,mpi-esm1-2-hr_cygma1p74_ssp370,mpi-esm1-2-hr_cygma1p74_ssp585,mpi-esm1-2-hr_dssat-pythia_historical,mpi-esm1-2-hr_dssat-pythia_ssp126,mpi-esm1-2-hr_dssat-pythia_ssp370,mpi-esm1-2-hr_dssat-pythia_ssp585,mpi-esm1-2-hr_epic-iiasa_historical,mpi-esm1-2-hr_epic-iiasa_ssp126,mpi-esm1-2-hr_epic-iiasa_ssp370,mpi-esm1-2-hr_epic-iiasa_ssp585,mpi-esm1-2-hr_isam_historical,mpi-esm1-2-hr_isam_ssp126,mpi-esm1-2-hr_isam_ssp370,mpi-esm1-2-hr_isam_ssp585,mpi-esm1-2-hr_ldndc_historical,mpi-esm1-2-hr_ldndc_ssp126,mpi-esm1-2-hr_ldndc_ssp370,mpi-esm1-2-hr_ldndc_ssp585,mpi-esm1-2-hr_lpjml_historical,mpi-esm1-2-hr_lpjml_ssp126,mpi-esm1-2-hr_lpjml_ssp370,mpi-esm1-2-hr_lpjml_ssp585,mpi-esm1-2-hr_pdssat_historical,mpi-esm1-2-hr_pdssat_ssp126,mpi-esm1-2-hr_pdssat_ssp585,mpi-esm1-2-hr_pepic_historical,mpi-esm1-2-hr_pepic_ssp126,mpi-esm1-2-hr_pepic_ssp370,mpi-esm1-2-hr_pepic_ssp585,mpi-esm1-2-hr_promet_historical,mpi-esm1-2-hr_promet_ssp126,mpi-esm1-2-hr_promet_ssp370,mpi-esm1-2-hr_promet_ssp585,mpi-esm1-2-hr_simplace-lintul5_historical,mpi-esm1-2-hr_simplace-lintul5_ssp126,mpi-esm1-2-hr_simplace-lintul5_ssp585,mri-esm2-0_acea_historical,mri-esm2-0_acea_ssp126,mri-esm2-0_acea_ssp585,mri-esm2-0_crover_historical,mri-esm2-0_crover_ssp126,mri-esm2-0_crover_ssp370,mri-esm2-0_crover_ssp585,mri-esm2-0_cygma1p74_historical,mri-esm2-0_cygma1p74_ssp126,mri-esm2-0_cygma1p74_ssp370,mri-esm2-0_cygma1p74_ssp585,mri-esm2-0_dssat-pythia_historical,mri-esm2-0_dssat-pythia_ssp126,mri-esm2-0_dssat-pythia_ssp370,mri-esm2-0_dssat-pythia_ssp585,mri-esm2-0_epic-iiasa_historical,mri-esm2-0_epic-iiasa_ssp126,mri-esm2-0_epic-iiasa_ssp370,mri-esm2-0_epic-iiasa_ssp585,mri-esm2-0_isam_historical,mri-esm2-0_isam_ssp126,mri-esm2-0_isam_ssp370,mri-esm2-0_isam_ssp585,mri-esm2-0_ldndc_historical,mri-esm2-0_ldndc_ssp126,mri-esm2-0_ldndc_ssp370,mri-esm2-0_ldndc_ssp585,mri-esm2-0_lpjml_historical,mri-esm2-0_lpjml_ssp126,mri-esm2-0_lpjml_ssp370,mri-esm2-0_lpjml_ssp585,mri-esm2-0_pdssat_historical,mri-esm2-0_pdssat_ssp126,mri-esm2-0_pdssat_ssp585,mri-esm2-0_pepic_historical,mri-esm2-0_pepic_ssp126,mri-esm2-0_pepic_ssp370,mri-esm2-0_pepic_ssp585,mri-esm2-0_promet_historical,mri-esm2-0_promet_ssp126,mri-esm2-0_promet_ssp370,mri-esm2-0_promet_ssp585,mri-esm2-0_simplace-lintul5_historical,mri-esm2-0_simplace-lintul5_ssp126,mri-esm2-0_simplace-lintul5_ssp585,ukesm1-0-ll_acea_historical,ukesm1-0-ll_acea_ssp126,ukesm1-0-ll_acea_ssp585,ukesm1-0-ll_crover_historical,ukesm1-0-ll_crover_ssp126,ukesm1-0-ll_crover_ssp370,ukesm1-0-ll_crover_ssp585,ukesm1-0-ll_cygma1p74_historical,ukesm1-0-ll_cygma1p74_ssp126,ukesm1-0-ll_cygma1p74_ssp370,ukesm1-0-ll_cygma1p74_ssp585,ukesm1-0-ll_dssat-pythia_historical,ukesm1-0-ll_dssat-pythia_ssp126,ukesm1-0-ll_dssat-pythia_ssp370,ukesm1-0-ll_dssat-pythia_ssp585,ukesm1-0-ll_epic-iiasa_historical,ukesm1-0-ll_epic-iiasa_ssp126,ukesm1-0-ll_epic-iiasa_ssp370,ukesm1-0-ll_epic-iiasa_ssp585,ukesm1-0-ll_isam_historical,ukesm1-0-ll_isam_ssp126,ukesm1-0-ll_isam_ssp370,ukesm1-0-ll_isam_ssp585,ukesm1-0-ll_ldndc_historical,ukesm1-0-ll_ldndc_ssp126,ukesm1-0-ll_ldndc_ssp370,ukesm1-0-ll_ldndc_ssp585,ukesm1-0-ll_lpjml_historical,ukesm1-0-ll_lpjml_ssp126,ukesm1-0-ll_lpjml_ssp370,ukesm1-0-ll_lpjml_ssp585,ukesm1-0-ll_pdssat_historical,ukesm1-0-ll_pdssat_ssp126,ukesm1-0-ll_pdssat_ssp585,ukesm1-0-ll_pepic_historical,ukesm1-0-ll_pepic_ssp126,ukesm1-0-ll_pepic_ssp370,ukesm1-0-ll_pepic_ssp585,ukesm1-0-ll_promet_historical,ukesm1-0-ll_promet_ssp126,ukesm1-0-ll_promet_ssp370,ukesm1-0-ll_promet_ssp585,ukesm1-0-ll_simplace-lintul5_historical,ukesm1-0-ll_simplace-lintul5_ssp126,ukesm1-0-ll_simplace-lintul5_ssp585


lat \ lon,-74.0,-73.5,-73.0,-72.5,-72.0,-71.5,-71.0,-70.5,-70.0,-69.5,-69.0,-68.5,-68.0,-67.5,-67.0,-66.5,-66.0,-65.5,-65.0,-64.5,-64.0,-63.5,-63.0,-62.5,-62.0,-61.5,-61.0,-60.5,-60.0,-59.5,-59.0,-58.5,-58.0,-57.5,-57.0,-56.5,-56.0,-55.5,-55.0,-54.5,-54.0,-53.5,-53.0,-52.5,-52.0,-51.5,-51.0,-50.5,-50.0,-49.5,-49.0,-48.5,-48.0,-47.5,-47.0,-46.5,-46.0,-45.5,-45.0,-44.5,-44.0,-43.5,-43.0,-42.5,-42.0,-41.5,-41.0,-40.5,-40.0,-39.5,-39.0,-38.5,-38.0,-37.5,-37.0,-36.5,-36.0,-35.5,-35.0,-34.0,-32.5,-29.5,-29.0
-34.0,,,,,,,,,,,,,,,,,,,,,,,,,,,,,,,,,,,,,,,,,10.914000595720406,,,,,,,,,,,,,,,,,,,,,,,,,,,,,,,,,,,,,,,,,,
-33.5,,,,,,,,,,,,,,,,,,,,,,,,,,,,,,,,,,,,,,,,,11.611376961071183,,,,,,,,,,,,,,,,,,,,,,,,,,,,,,,,,,,,,,,,,,
-33.0,,,,,,,,,,,,,,,,,,,,,,,,,,,,,,,,,,,,,,,,,,8.910155215654681,,,,,,,,,,,,,,,,,,,,,,,,,,,,,,,,,,,,,,,,,
-32.5,,,,,,,,,,,,,,,,,,,,,,,,,,,,,,,,,,,,,,,,,9.28861577466009,10.531516271751991,9.318459270962745,13.382369741500025,,,,,,,,,,,,,,,,,,,,,,,,,,,,,,,,,,,,,,,
-32.0,,,,,,,,,,,,,,,,,,,,,,,,,,,,,,,,,,,,,,,12.753027698974488,7.996539470912921,10.88816665907418,8.972673193081409,7.81212912699811,11.022801637972712,,,,,,,,,,,,,,,,,,,,,,,,,,,,,,,,,,,,,,,
-31.5,,,,,,,,,,,,,,,,,,,,,,,,,,,,,,,,,,,,,15.95130197024047,11.127392735591979,3.175078471971812,6.055160749425138,6.996163472770222,13.314659421140089,10.02490395595464,8.735521400021165,10.924104198279105,,,,,,,,,,,,,,,,,,,,,,,,,,,,,,,,,,,,,,
-31.0,,,,,,,,,,,,,,,,,,,,,,,,,,,,,,,,,,,,,9.677954365953108,4.454749220054376,1.7073398817280738,6.6115308335445695,6.8139083376272875,10.572085512538184,11.015757517716201,8.779230622544022,8.618728863625822,,,,,,,,,,,,,,,,,,,,,,,,,,,,,,,,,,,,,,
-30.5,,,,,,,,,,,,,,,,,,,,,,,,,,,,,,,,,,,,,5.181894847845496,4.58552418170725,7.249273864949224,5.766773639962627,7.851789966554776,7.258292610131003,5.282028131833974,6.604693002242386,8.031065136457197,7.0811848693782915,,,,,,,,,,,,,,,,,,,,,,,,,,,,,,,,,,,,,
-30.0,,,,,,,,,,,,,,,,,,,,,,,,,,,,,,,,,,,3.622092499074454,3.457921795711316,3.4724636400286597,4.372677661428419,3.8203489063104916,3.647873519965822,7.562819464286771,7.148805035915507,6.7638266899647235,6.441413848863537,6.106421298819473,4.533551836463731,,,,,,,,,,,,,,,,,,,,,,,,,,,,,,,,,,,,,
-29.5,,,,,,,,,,,,,,,,,,,,,,,,,,,,,,,,,,,6.770079159564316,1.828953870025015,3.4682621731865213,4.959158939252502,6.159327372125158,7.232304865314691,6.9861991972723825,5.620355711866399,5.779339283384828,6.116875249787672,5.172755352422301,6.370118927394856,8.620980250808554,,,,,,,,,,,,,,,,,,,,,,,,,,,,,,,,,,,,
-29.0,,,,,,,,,,,,,,,,,,,,,,,,,,,,,,,,,,,,4.075161931725975,4.918364005255196,3.2958847045948723,1.5726144640058388,3.214346256925384,4.686917561555432,4.102646064247155,3.9081964084600465,8.279061688253655,8.69386021598623,8.748692639334653,10.838786219110673,10.913661696681489,,,,,,,,,,,,,,,,,,,,,,,,,,,,,,,,,,,
-28.5,,,,,,,,,,,,,,,,,,,,,,,,,,,,,,,,,,,,,3.5557315719118243,1.801919018151274,1.6240370099338497,2.290086540311477,2.945678568060865,3.726405013892677,4.612157621651011,8.136701221130794,8.671722256481317,9.359045025974003,10.00595764707249,10.470767336534262,,,,,,,,,,,,,,,,,,,,,,,,,,,,,,,,,,,
-28.0,,,,,,,,,,,,,,,,,,,,,,,,,,,,,,,,,,,,,,3.0648566045367254,3.5487418137424784,2.3898715434805498,2.915709219274495,2.8791258644236644,3.090724816519372,6.157051704195361,6.837063325983997,6.311138563595741,7.135715768322734,8.126927032109249,8.184457877043881,9.18394898279063,,,,,,,,,,,,,,,,,,,,,,,,,,,,,,,,,
-27.5,,,,,,,,,,,,,,,,,,,,,,,,,,,,,,,,,,,,,,,1.466182784227767,1.7350921163457587,3.3239590736363516,3.5676655537649147,2.8626894583431346,5.304424761801667,6.190911654063797,5.791575927315989,6.945102797297815,5.300135945603479,5.174370767927739,3.967757901004597,,,,,,,,,,,,,,,,,,,,,,,,,,,,,,,,,
-27.0,,,,,,,,,,,,,,,,,,,,,,,,,,,,,,,,,,,,,,,,,3.488886208290907,0.5133505500261579,2.413338140715883,1.7136758550949684,5.136799001981573,4.657450545912094,4.816531401115991,4.636744981464862,5.560851363991956,4.313646406785818,,,,,,,,,,,,,,,,,,,,,,,,,,,,,,,,,
-26.5,,,,,,,,,,,,,,,,,,,,,,,,,,,,,,,,,,,,,,,,,2.589834625204398,2.862151454898787,2.0528024910824003,4.401599427927588,4.93482214355106,5.560412789024651,5.513562218119056,5.986689112293954,7.088518935154377,4.888792562982071,,,,,,,,,,,,,,,,,,,,,,,,,,,,,,,,,
-26.0,,,,,,,,,,,,,,,,,,,,,,,,,,,,,,,,,,,,,,,-4.811869057720421,1.188936182977252,-0.08532821610549624,2.1917002887348183,3.834867403448789,4.369524553283199,6.150512412668591,6.375175687229053,8.401673948460168,7.949514783782141,6.607405308071914,7.850214062475894,,,,,,,,,,,,,,,,,,,,,,,,,,,,,,,,,
-25.5,,,,,,,,,,,,,,,,,,,,,,,,,,,,,,,,,,,,,,,-2.515667164799625,1.6312875067986,0.1394003365677623,1.5841219186358697,1.6730161565517099,3.2610438475868824,5.304756736569397,6.4325996127433545,8.799757244338933,9.706086815826884,9.547431235754178,,,,,,,,,,,,,,,,,,,,,,,,,,,,,,,,,,
-25.0,,,,,,,,,,,,,,,,,,,,,,,,,,,,,,,,,,,,,,,,1.0348222572023689,1.5258644019093035,1.141341043989292,4.451622552670309,5.281063176600679,5.000545968276519,5.5014356167514,6.868442689054994,10.026545673292715,10.24968662156704,7.093234490065351,,,,,,,,,,,,,,,,,,,,,,,,,,,,,,,,,
-24.5,,,,,,,,,,,,,,,,,,,,,,,,,,,,,,,,,,,,,,1.2414450349213784,,-1.153524926209685,0.07282152207338743,2.7383466899307285,2.988209752734856,3.614449518678719,4.935533235929541,7.393212221279066,6.340422440558587,8.010706925601394,9.427266349484277,7.906153878394708,9.621616522748942,7.965424334451667,5.196406008153005,,,,,,,,,,,,,,,,,,,,,,,,,,,,,,
-24.0,,,,,,,,,,,,,,,,,,,,,,,,,,,,,,,,,,,,,-5.547146990163984,3.0954648736450805,4.235680328228668,-3.1378555431687434,1.5742995643422182,3.243130429855336,3.193906145247187,3.4978157443388884,3.9053057355826626,3.8492504866405,4.22053309362273,5.043078437815429,6.627032743766537,6.544144359694374,7.911836840141321,7.61158436030758,8.264735599737735,,,,,,,,,,,,,,,,,,,,,,,,,,,,,,
-23.5,,,,,,,,,,,,,,,,,,,,,,,,,,,,,,,,,,,,,-0.9831976353796765,-0.04674905296614629,0.9296839761440419,0.6483112992601878,0.020503916420101742,0.5978329867566554,0.5183655908443789,3.3094699676949304,4.327692471154491,2.828079867988876,2.807385151821359,4.885229522699173,3.591820884301071,3.698866462485917,7.193996610628701,6.473839681976681,8.210944532641427,8.309477251810709,,,7.7968145973063585,9.334251378247565,,,,,,,,,,,,,,,,,,,,,,,,,
-23.0,,,,,,,,,,,,,,,,,,,,,,,,,,,,,,,,,,,,,1.6805018013676474,-1.034957092408474,-1.5513919323673142,1.1108450302796955,-0.06537039484458784,1.355671615855485,2.159380226434612,3.05437151724741,3.4060331333664395,2.3192372445676472,2.0830143519102915,2.6125587780878003,2.812827288201051,4.491839024431373,5.656362198008035,5.1203334185324225,6.8559312600971705,6.7848390342275735,7.984911656095058,,9.811407870737034,,,,,,,,,,,,,,,,,,,,,,,,,,
-22.5,,,,,,,,,,,,,,,,,,,,,,,,,,,,,,,,,-10.673708254112796,-11.413348508217279,-10.401983216865403,-10.036977549543277,-1.5019235275011562,-2.3042820049672805,-1.5178071444683319,-3.031243533682436,-2.09576947296354,-0.5321454449454608,-3.3318203287190347,-0.3441447650018912,1.1789457291518168,0.40793076489398894,1.2353237316715537,2.271272196791738,0.919054690766087,1.7603908790298535,1.5575981693352565,1.8989483408898646,3.3404776665869056,4.485665119516049,6.890982209202241,,,,,,,,,,,,,,,,,,,,,,,,,,,,
-22.0,,,,,,,,,,,,,,,,,,,,,,,,,,,,,,,,,,-12.444527396736262,-8.304112504595519,-6.99942066693991,-1.5719199325111823,-1.5234431020487689,-2.5531100167848555,-4.1143624331900535,-3.940096768743922,-3.1595393817876363,,-2.9982679930237532,-0.17940677397282778,-0.8032668559047509,0.9285953416936001,0.41766934274325385,1.6808912594004721,1.223938801304774,0.0933013300729657,1.906197348471835,3.3922234858243625,3.448609330791534,4.340902936643919,5.797717768485118,3.4915318774097486,3.446697912878496,5.437945788776791,,,,,,,,,,,,,,,,,,,,,,,,
-21.5,,,,,,,,,,,,,,,,,,,,,,,,,,,,,,,,,,,-8.127876558468376,-6.9981171600093734,-4.268085857088198,-2.5569595929298576,-2.7594339241506067,-3.760385798431848,-6.242990242499616,-5.886430532263558,,-5.470770471421488,-2.8906333929158268,-3.6609582495894144,-2.621629309428764,-3.101716405945493,-0.18641836088701735,-0.8414375378009691,-1.4176435814342159,-2.029343515798033,4.059599005994085,3.5471153983593995,4.691472083166687,1.6638798614349044,1.8520122406812032,3.0898052565640306,3.5239148220164527,,,,,,,,,,,,,,,,,,,,,,,,
-21.0,,,,,,,,,,,,,,,,,,,,,,,,,,,,,,,,,,,-9.700749620371592,-8.320065173993427,-5.86754815779162,-3.6135888186900003,-2.5405478587001173,-6.20012110758433,-5.454450153799582,-5.885014524659045,-4.6822733616743,-7.595664625396458,-6.517040474623695,-4.443843916005353,-5.005074580629875,-3.3135155228356297,-1.5463959772237663,-1.475855901109075,-1.2219065157986742,-2.3254950705135227,3.019744433845897,4.0990104169229555,3.4356862711322975,1.916530320055677,2.008134021177584,2.5579239476764126,,2.8467182899181385,1.1742665572218218,,,,,,,,,,,,,,,,,,,,,,
-20.5,,,,,,,,,,,,,,,,,,,,,,,,,,,,,,,,-9.489228260123609,,,-11.531698436215375,,,-5.695087260995434,-3.9979081591695964,-5.3631976669786665,-6.982217991075308,-5.668835833753245,-7.078112480683819,,-8.306540451187628,-6.6055176220102245,-4.7731267372622455,-3.1740146182504225,-2.307707042727171,-3.2560688001308913,-2.8651244796909126,-0.693708951657662,2.6295970777076816,3.566928000585043,3.6336033067130957,-0.06711543154863442,0.309963295769057,1.0550274209464394,1.1369887787044108,,,,,,,,,,,,,,,,,,,,,,,,
-20.0,,,,,,,,,,,,,,,,,,,,,,,,,,,,,,,,-9.738725164389859,-16.01934576882045,,,,,,-6.67021513749128,-6.512616521053322,-5.874113693978776,-4.95053680361503,-5.104592537856476,-6.364347572293673,-7.613084178216102,-8.35098088270578,-6.754207580011364,-6.720109887652995,-5.290576568467886,-4.520993606627554,-2.973622246668744,-1.9009459829599629,-0.10833710987483247,-0.44354973859172997,0.09200799580761387,-0.5173980534596625,0.29456227537952184,-1.7663726766038153,0.36024983589636417,,,,,,,,,,,,,,,,,,,,,,,,
-19.5,,,,,,,,,,,,,,,,,,,,,,,,,,,,,,,,-10.335556615675147,-10.970305033573027,,,,,,-7.862199948716946,-8.420261413617983,-6.118006181698358,-5.0838320575116835,-6.678828359307934,-6.9191542964272035,-7.308055758877284,-3.561362880490169,-6.7327406851210885,-5.109983371810716,-5.561747220079235,-4.1206674432291575,-2.532279220738589,-0.8865615581208282,0.7140381557660112,-0.42285440318496725,-0.6617445534440236,-0.2505125022178385,0.38044471747147934,-1.578581029392315,-0.914982230260625,0.8147301086218661,,,,,,,,,,,,,,,,,,,,,,,
-19.0,,,,,,,,,,,,,,,,,,,,,,,,,,,,,,,,,-6.09134687927858,,,,,,-8.767394821685318,-9.595922753084782,-7.50504039719325,-5.467605684944144,-3.8712873991013605,-1.5742228318869715,-4.7151073644346395,-6.165408548160697,-4.893611398441887,-6.3583934857917095,-5.564152415956393,-4.644900184689149,-0.9959079849672001,-1.1202579040235818,-1.8881222384166296,-1.0039340652002027,-0.37818999504478334,-0.8286057702141028,-1.4736686696801398,-3.0367527601930737,-0.8832640997198373,,,,,,,,,,,,,,,,,,,,,,,,
-18.5,,,,,,,,,,,,,,,,,,,,,,,,,,,,,,,,,-6.133871580696741,,,,,,-9.213353418354144,-8.090311330851701,-6.369568610252545,-3.0740480557919225,-1.8077716900428298,-1.7991689570448344,-3.860223062059751,-3.697296495900252,-3.529598004088335,-4.286830183478605,-2.9657276055509643,-2.7101919044974228,-3.45005258264927,-2.755064011841392,-1.44325280691361,-1.9200828478528127,-2.002811743014158,-1.5159456627892887,-1.236047824805464,-3.216516760629321,,,,,,,,,,,,,,,,,,,,,,,,,
-18.0,,,,,,,,,,,,,,,,,,,,,,,,,,,,,,,,-8.821812808319297,-6.203637635471535,,,,,-13.117103226759387,-9.820431608082707,-6.730223440106753,-5.980926236547903,-1.656493088346778,-2.516404433749203,-2.472593641215861,-2.3526121480179945,-1.5258775124624435,-2.6920947588989192,-4.069301519972341,-4.2430824662093976,-2.847286105021585,-3.010458644185524,-2.523836440977215,-1.8648873777279533,-1.982852920499735,-1.6632592949858718,-2.7071387714488617,-2.70907331352533,-2.9154645406000532,-1.6476016735326149,,,,,,,,,,,,,,,,,,,,,,,,
-17.5,,,,,,,,,,,,,,,,,,,,,,,,,,,,,,,,-17.217495884275298,,,,,-13.567077487535274,-12.43900328333607,-8.98583278344709,-6.434075422050263,-2.324580597658721,-1.9445391603163964,-2.135450679328211,-1.718927981778645,-2.1385536134965473,-1.4749594615992718,-2.5615362025689934,-3.166508273132659,-3.129136989080208,-2.485530731976981,-2.3487010840079585,-2.0066369062332687,-1.1853180521469673,-0.9665144035974436,-1.5207482034259256,-3.50376449615798,-3.6634914391775752,-2.4570433005420913,-1.3760593055816823,,,,,,,,,,,,,,,,,,,,,,,,
-17.0,,,,,,,,,,,,,,,,,,,,,,,,,,,,,,,,-18.68099383101279,,,,-14.223981859308322,-13.029403730605068,-12.189011200932097,-9.363774043218514,-6.467276213735181,-1.526225406180185,-5.069963996663896,-4.850739489548932,-3.310947592375746,-2.0051029563668594,-2.919897483014871,-2.231451341840566,-2.6500341574610453,-2.9268455638552653,-2.008111784567611,-1.7951290820303205,-0.5574120299504637,0.33028092765952,-0.9089143980146757,-1.6766188565771043,-1.9576463146421954,-0.9665953075625326,-2.119238687595106,-1.7831071518160981,,,,,,,,,,,,,,,,,,,,,,,,
-16.5,,,,,,,,,,,,,,,,,,,,,,,,,,,,-5.795678334595797,-8.817639710457657,-11.601114330961298,-12.064271233700401,-13.832835770512457,,,,-13.669942876539247,-11.52859373912791,-8.923855877836534,-7.746602475691115,-7.168878155575616,-5.139840924870728,-3.6033911097251035,-5.67659366479462,-4.094899948088876,-3.8218457148901614,-2.4632714497776975,-2.7235674159086374,-2.379354979038485,-2.3285911488150086,-1.2014738095020077,-1.2111047820171925,-0.5337639500377422,-0.04953356629159167,-1.5028231844465942,-1.7279034353873297,-1.2143716682504224,-1.7480961312591985,,,,,,,,,,,,,,,,,,,,,,,,,,
-16.0,,,,,,,,,,,,,,,,,,,,,,,,,,,,-4.342834594508021,,,-7.825862209622132,-11.027208211712583,-13.4095469336715,,-10.209271113915216,-9.78636809109004,-9.558296643035499,-5.818400782516946,-6.092496534093198,-6.179860164532695,-2.4214635939858487,-6.378392205549793,-7.30799908098615,-7.014887214791509,-7.254753833984204,-6.706169248333435,,-2.579196573600667,-2.704900931178994,-1.6010872894583357,-0.9639387376309196,-0.7507256887887839,1.0093260853851964,-0.029284942326015972,-0.9226366956155108,-1.8690119102578082,-1.535258925344393,-3.016489203200419,,,,,,,,,,,,,,,,,,,,,,,,,
-15.5,,,,,,,,,,,,,,,,,,,,,,,,,,,-3.7396032890388127,-9.20937648522467,,,-7.61781573802975,-11.423027995266274,-11.552307454740774,-13.169118931625292,-10.593933908196842,-9.383923210513368,-6.265699622202589,-4.896098074384895,-3.2881231193436027,-5.490204661493924,-4.889510013531976,-5.128012399404243,-8.822528891863685,-6.382408150218961,-9.411596782607564,,-4.832686184415364,,-2.6373770771395,-1.329578065500053,-1.300665697256684,-0.80257212899736,-0.1504488000231783,-2.147677973556428,-0.6825814099963345,0.6084319842113661,0.24477013022959415,-2.4966821528585657,,,,,,,,,,,,,,,,,,,,,,,,,
-15.0,,,,,,,,,,,,,,,,,,,,,,,,,,,,-9.57907317255918,-7.714625398312192,-7.8165690384132525,-8.254868641439703,-6.971005762222189,-11.088332345350123,-9.460854072503974,-11.844783447307666,-9.306028409724306,-7.6509526906863545,-6.97435489137219,-4.346208794670178,-5.283158541062964,-3.5162441965892604,-3.5693446746790958,-6.810206109642383,-7.5853914158629605,-8.617934264295606,-8.487832070964163,,-2.5132799474776415,-2.3786466968112654,-3.1118495230244756,-0.966780169865948,0.09889540933494967,0.26826800202541623,-1.4568688308104503,-1.9224878557498557,0.815249505534517,0.5460421925419254,-2.5140830725391483,,,,,,,,,,,,,,,,,,,,,,,,,
-14.5,,,,,,,,,,,,,,,,,,,,,,,,,,,,-8.384338309811891,,,-8.003119756349097,-6.024216599418928,-5.1469831256980205,-6.559373772859024,-9.347248674313802,-8.718275211832928,-7.303778390124215,-7.6549356550249925,-7.41640471800552,-5.291583185928027,-4.075125270221296,-4.205048138292313,-5.419150111013586,-7.42122236022881,-9.033674733589576,-8.081972081719764,-4.534189475165554,-3.9691068064783104,-2.9884191858184685,-2.339741504069948,-3.22576552267924,-2.3190537371079842,-1.292160423046707,-1.1628089796734384,-4.648839809733999,-2.5143936600690924,0.8057786047850009,-0.44046696561803733,,,,,,,,,,,,,,,,,,,,,,,,,
-14.0,,,,,,,,,,,,,,,,,,,,,,,,,-2.5177675995526845,,-4.418833536340366,-7.049162946065989,-7.554504401438993,,-6.151684654659425,-7.6567431963009955,-4.069693477714668,-6.048597492491567,-8.235637370064776,-6.627892650526155,-3.765079124506801,-5.5698624744945135,-6.4854385121343885,-7.085768541237325,-6.125005080324759,-7.556808279635267,-7.170264179066465,-5.850335181817757,-7.726109315325525,-8.760868574775598,-4.156588158665037,,,-2.9375272369467793,-2.7995395781899184,-2.6222813981181066,,,-4.496701483706067,-0.5799218247603086,1.882676961996852,0.3100638336731327,0.4792039300418178,-3.3908100734052855,-6.116466798408454,,,,,,,,,,,,,,,,,,,,,,
-13.5,,,,,,,,,,,,,,,,,,,,,,,,,-4.5252107303358615,-4.193367348962433,-0.9953183949875779,-4.427694007754946,-6.190924887938641,,,-4.569585564175942,-4.925455454152622,-8.365584893368315,-7.821254000055464,-5.178060061679321,-5.0775707168721915,-4.833544443179724,,,,,-7.978515684442974,-6.81639281236726,-7.043081187487793,-8.444420428792682,-9.367638027545972,,,,-2.678579175516321,,,,-3.7954509274443082,1.5592054648619529,1.861216138794008,0.019423737526238494,2.4947338235330996,-3.224607715031909,-5.694919745036149,-6.671567396600649,,,,,,,,,,,,,,,,,,,,,
-13.0,,,,,,,,,,,,,,,,,,,,,,,,,,,0.47667428900584063,-2.436937157933065,-5.473973083126455,-6.342565609531254,,-5.31445197177335,-7.584968006232011,-6.1208302203655895,-5.379215615563166,-4.576771639291712,-4.4703739290077715,-3.6357466201314494,,,,,-8.49683541594884,-6.647110455453527,-6.609392318400441,-10.07901964191143,-9.877598522807272,-3.219558921849732,,,-2.374054638601213,-1.8901700151439744,,,-2.006211978854793,1.3551508616750514,2.044374660444835,2.6686624081293937,0.22106259402332196,-1.3883966028641672,,,,,,,,,,,,,,,,,,,,,,,
-12.5,,,,,,,,,,,,,,,,,,,,,,,,,,,-1.6439880154736226,-2.176633951979417,-5.407123489817719,,,-4.649464727826163,-4.504950236088546,-6.199837053756244,-4.712449601219561,-3.5516149212612107,-4.452684680991899,-2.2394916729823526,,,,,-8.444601475742783,-6.917427865211584,-5.898154068438293,-7.126279556207596,-9.946373958007014,-3.1928396981718277,-4.705642304065987,-3.2668255487080002,-3.9298945580560805,-4.037501395026548,-3.580758264999761,,,2.5852490615600665,2.3538640963191533,2.684996298592652,-1.2301160913196827,-2.139736729812553,,,,,,,,,,,,,,,,,,,,,,,
-12.0,,,,,,,,,,,,,,,,,,,,,,,,,,,,,,,,-4.014305184796862,,-3.7071733226949375,-4.250477688100511,-2.9448383423251694,-3.4107991181042885,-2.0568526606509714,-2.0671287893475876,,,,-7.319770123019293,-6.171136578274696,-6.314938523230293,-6.880171420048718,-8.859194126628145,-3.432274419256598,-4.033695280827817,-4.21882766396139,-5.409660419147392,-6.218733774005727,,-2.3386272227627685,-1.498455159828826,3.985327110330328,4.105039463357047,2.6599800745361453,-3.377790497206753,,,,,,,,,,,,,,,,,,,,,,,,
-11.5,,,,,,,,,,,,,,,,,,,,,,,,,,,,,,,,-3.645005313964865,,-1.3263208977755698,-4.1938233254254245,-3.55894977061799,-3.3637844374610353,-2.8759793140540078,-2.1184668224780125,,,,,-3.6451408304916315,-6.397500052040138,-9.624446576786886,-6.672028540657463,-3.7102517486638056,-5.701621705018758,-4.1771117052406,-3.81058943394162,-2.4648974214467807,-0.9336223286893883,,-1.1042075171921195,2.7204766888637293,4.390152822872823,1.6732540544000658,-3.9943131553603894,,,,,,,,,,,,,,,,,,,,,,,,
-11.0,,,,,,,,,,,,,,,,,,,,,,,,,,,,,,,,,,-1.7623423729347363,-5.598183885525788,-5.802178066144679,-6.0436572183655635,-4.336312896440447,0.3944618216602982,-2.140435822166266,-1.6003581607169317,,,-3.9897432640030366,-7.842477820572574,-8.312478050400085,-6.989827416913007,-3.3553230789810993,-3.569892910944482,-2.8010608933877306,-3.3821919597899193,-2.393046003084295,,-2.469694135939125,-1.681498488413769,0.5106004172365832,1.7336155757677303,2.3458471586476453,,,,,,,,,,,,,,,,,,,,,,,,,
-10.5,,,,,,,,,,,,,,,,,,,,,,,,,,,,,,,,,,,-3.1432024785320487,-2.7129577080863676,-6.892305932097766,-5.854915546155618,-2.1356362191506983,-3.056224934324505,1.0684312861550334,,,-2.8579493486029617,-6.003511658435251,-5.480972386262166,-5.345476310495418,,,,-4.794835311522013,-2.1115894991363215,-1.9565891943686875,-0.7528803493978602,,-0.11988927798594773,0.5213183907006051,1.883307257486229,,,,,,,,,,,,,,,,,,,,,,,,,
-10.0,,,,,,,,,,,,,,,,,,,,,,,,,,,,,,,,,,,-4.151124153868386,-2.1720961601009807,,,-1.1251714638062995,,,-0.5824492471047669,,-8.429247541480946,,,,,,,-3.073435829470073,-3.601166363116743,-2.903919697675641,,1.451437949125559,0.45100694221979065,0.6705532807926025,0.5794838026704783,-1.4078018674528954,,,,,,,,,,,,,,,,,,,,,,,,
-9.5,,,,,,,,,,,,,,,,,,,,,,,,,,,,,,,,,,,,,,,,,,,,,,,,,,-3.7514225441830793,-2.1785015555122573,-2.8033481971415313,-2.4723854040892537,-2.0447560022127234,4.045472783762942,1.750547115587242,-0.9625101667838907,-0.6485660399789408,-1.7993546852850875,-1.5074354570699278,,,,,,,,,,,,,,,,,,,,,,,
-9.0,,,,,,,,,,,,,,,,,,,,,,,,,,,,,,,,,,,,,,,,,,,,,,,,,,-3.1134133321097845,-2.2469826428700843,-3.6366953384781198,-3.4742807253644,-2.599247251272049,2.6202568173098664,2.8369478219299644,-1.3064989345754885,-0.946801239382844,-0.8991006078769797,-1.3539917223439994,-1.5776152608544374,,,,,,,,,,,,,,,,,,,,,,
-8.5,,,,,,,,,,,,,,,,,,,,,,,,,,,,,,,,,,,,,,,,,,,,,,,,,5.097427774585063,,-2.158484768694547,-3.074730482430707,-2.115980661165117,-2.5124973378982993,-0.7448893029231272,2.2610316036116016,0.759394512264552,-1.1986693795550103,-2.8160150127961865,-2.930917831701147,-1.9221204636027753,,,,,,,,,,,,,,,,,,,,,,
-8.0,,,,,,,,,,,,,,,,,,,,,,-4.01778537201652,,,,,,,,,,,,,,,,,,,,,,,,,,,,-2.764642272416375,,-2.1303566267357636,-1.6132117679689149,-0.8140593266537799,-0.341068620186606,0.7603399629934726,0.7935036571002136,-2.9135486639603645,-2.440141245951973,-2.0285243842257064,,,,,,,,,,,,,,,,,,,,,,,
-7.5,,,,,,,,,,,,,,,,,,,,,,-3.715181265757108,,,,,,,,,,,,,,,,,,,,,,,,,,,,,,-3.879600502808191,-2.1430218072106233,0.15426513672723274,-0.8372219215493448,1.4742546480075323,0.6454524669974235,-1.0254429121021627,-2.020319585670654,-3.66357848477381,,,,,,,,,,,,,,,,,,,,,,,
-7.0,,,,,,,,,,,,,,,,,,,,,,,,,,,,,,,,,,,,,,,,,,,,,,,,,,,,,,-0.4694365278038175,,1.8202120612306416,0.343232388596447,1.4386605884022057,0.5524130117271433,-0.13391377756265221,-2.78273485527357,,,,,,,,,,,,,,,,,,,,,,
-6.5,,,,,,,,,,,,,,,,,,,,,,,,,,,,,,,,,,,,,,,,,,,,,,,,,,,,,,,,,,,0.321736495963437,-0.8180676920260233,-1.5894632804512696,,,,,,,,,,,,,,,,,,,,,,
-6.0,,,,,,,,,,,,,,,,,,,,,,,,,,,,,,,,,,,,,,,,,,,,,,,,,,,,,,,,-0.2293695537212228,-0.6775816808864121,,,,,,,,,,,,,,,,,,,,,,,,,,
-5.5,,,,,,,,,,,,,,,,,,,,,,,,,,,,,,,,,,,,,,,,,,,,,,,,,,,,,,,,,,,,,,,,,,,,,,,,7.526385163070017,2.120075707321954,,,,,,,,,,
-5.0,,,,,,,,,,,,,,,,,,,,,,,,,,,,,,,,,,,,,,,,,,,,,,,,,,,,,,,,,,,,,,,,,,,,,,,,,,,,,,,,,,,
-4.5,,,,,,,,,,,,,,,,,,,,,,,,,,,,,,,,,,,,,,,,,,,,,,,,,,,,-3.659830470103468,-4.779116987446738,,,,,,,,,,-0.9630119604502179,,,,,,,,,,,,,,,,,,,,
-4.0,,,,,,,,,,,,,,,,,,,,,,,,,,,,,,,,,,,,,,,,,,,,,,,,,,,,,-3.429011667816221,,,,,,,,,-0.5839993171393258,-0.40335432350225986,,,,,,,,,,,,,,,,,,,,
-3.5,,,,,,,,,,,,,,,,,,,,,,,,,,,,,,,,,,,,,,,,,,,,,,,,,,,,-2.7563877724558177,-3.3061965791151073,-2.8519898113928366,,,,,,,,1.7051032201161753,,,,,,,,,,,,,,,,,,,,,
-3.0,,,,,,,,,,,,,,,,,,,,,,,,,,,,,,,,,,,,,-6.761121363892274,,-4.5353660101284134,-4.496950337090418,,,,,,,,,,,,,-2.6079513580715465,-2.738205035416354,,,,,,,,,,,,,,,,,,,,,,,,,,,,,
-2.5,,,,,,,,,,,,,,,,,,,,,,,,,,,,,,,,,,,,,-3.264006321053837,-4.112114395056263,-5.130537967613371,,,,,,,,,,,,,,,,2.045444539236035,,,,,,,,,,,,,,,,,,,,,,,,,,,,
-2.0,,,,,,,,,,,,,,,,,,,,,,,,,,,,,,,,,,,,,,,-6.775483903174921,,,,,,,,,,,,,,,,,,,,,,,,,,,,,,,,,,,,,,,,,,,,
-1.5,,,,,,,,,,,,,,,,,,,,,,,,,,,,,,,,,,,,,,,,,,,,,,,,,,,,,,,,,,,,,,,,,,,,,,,,,,,,,,,,,,,
-1.0,,,,,,,,,,,,,,,,,,,,,,,,,,,,,,,,,,,,,,,,,,,,,,,,,,,,,,,,,,,,,,,,,,,,,,,,,,,,,,,,,,,
-0.5,,,,,,,,,,,,,,,,,,,,,,,,,,,,,,,,,,,,,,,,,,,,,,,,,,,,,,,,,,,,,,,,,,,,,,,,,,,,,,,,,,,
0.0,,,,,,,,,,,,,,,,,,,,,,,,,,,,,,,,,,,,,,,,,,,,,,,,,,,,,,,,,,,,,,,,,,,,,,,,,,,,,,,,,,,
0.5,,,,,,,,,,,,,,,,,,,,,,,,,,,,,,,,,,,,,,,,,,,,,,,,,,,,,,,,,,,,,,,,,,,,,,,,,,,,,,,,,,,
1.0,,,,,,,,,,,,,,,,,,,,,,,,,,,,,,,,,,,,,,,,,,,,,,,,,,,,,,,,,,,,,,,,,,,,,,,,,,,,,,,,,,,
1.5,,,,,,,,,,,,,,,,,,,,,,,,,,,,,,,,,,,,,,,,,,,,,,,,,,,,,,,,,,,,,,,,,,,,,,,,,,,,,,,,,,,
2.0,,,,,,,,,,,,,,,,,,,,,,,,,,,,,,,,,,,,,,,,,,,,,,,,,,,,,,,,,,,,,,,,,,,,,,,,,,,,,,,,,,,
2.5,,,,,,,,,,,,,,,,,,,,,,,,,,,,,,,,,,,,,,,,,,,,,,,,,,,,,,,,,,,,,,,,,,,,,,,,,,,,,,,,,,,
3.0,,,,,,,,,,,,,,,,,,,,,,,,,,,,,,,,,,,,,,,,,,,,,,,,,,,,,,,,,,,,,,,,,,,,,,,,,,,,,,,,,,,
3.5,,,,,,,,,,,,,,,,,,,,,,,,,,,,,,,,,,,,,,,,,,,,,,,,,,,,,,,,,,,,,,,,,,,,,,,,,,,,,,,,,,,
4.0,,,,,,,,,,,,,,,,,,,,,,,,,,,,,,,,,,,,,,,,,,,,,,,,,,,,,,,,,,,,,,,,,,,,,,,,,,,,,,,,,,,
4.5,,,,,,,,,,,,,,,,,,,,,,,,,,,,,,,,,,,,,,,,,,,,,,,,,,,,,,,,,,,,,,,,,,,,,,,,,,,,,,,,,,,
5.0,,,,,,,,,,,,,,,,,,,,,,,,,,,,,,,,,,,,,,,,,,,,,,,,,,,,,,,,,,,,,,,,,,,,,,,,,,,,,,,,,,,
